fecha_compra,fecha_caja,categoria_codigo,monto,cuenta,estado,recurrencia,persona,propiedad,fondo,comentario,origen
2026-01-05,2026-01-05,FI-01,726722,Cuenta Corriente,PAGADO,RECURRENTE,Comun,,,,MIGRACION
2026-01-05,2026-01-05,DE-01,649091,Cuenta Corriente,PAGADO,RECURRENTE,Rocha,Depto Metlife Rocha,,Metlife rocha,MIGRACION
2026-01-05,2026-01-05,VA-08,153132,Tarjeta Credito,PAGADO,RECURRENTE,Comun,,,webeo año nuevo + almuerzo,MIGRACION
2026-01-05,2026-01-05,TR-01,350771,Cuenta Corriente,PAGADO,TRANSFERENCIA,Comun,,,Ahorro Diciembre 2026,MIGRACION
2026-01-05,2026-01-05,VA-07,11850,Tarjeta Credito,PAGADO,RECURRENTE,Comun,,,Chelas sauro,MIGRACION
2026-01-05,2026-01-05,VA-08,5500,Tarjeta Credito,PAGADO,EXTRAORDINARIO,Comun,,,Churros,MIGRACION
2026-01-05,2026-01-05,VA-01,29643,Tarjeta Credito,PAGADO,RECURRENTE,Comun,,,Asado coloro,MIGRACION
2026-01-05,2026-01-05,DE-01,645140,Cuenta Corriente,PAGADO,RECURRENTE,Lalo,Depto Metlife Lalo,,Metlife Lalo,MIGRACION
2026-01-05,2026-01-05,DE-02,193740,Cuenta Corriente,PAGADO,RECURRENTE,Comun,,,,MIGRACION
2026-01-05,2026-01-05,VA-06,7300,Tarjeta Credito,PAGADO,RECURRENTE,Comun,,,Subway,MIGRACION
2026-01-05,2026-01-05,FI-07,90000,Cuenta Corriente,PAGADO,RECURRENTE,Comun,,,Berni,MIGRACION
2026-01-05,2026-01-05,DE-01,618402,Cuenta Corriente,PAGADO,RECURRENTE,Comun,Depto BCI,,Depto bci,MIGRACION
2026-01-05,2026-01-05,VA-11,8000,Cuenta Corriente,PAGADO,RECURRENTE,Comun,,,Pan de pascua Patricio,MIGRACION
2026-01-05,2026-01-05,VA-06,47210,Tarjeta Credito,PAGADO,RECURRENTE,Comun,,,Almuerzo + Cine + Estacionamientos,MIGRACION
2026-01-05,2026-01-05,IN-02,1684175,Cuenta Corriente,PAGADO,RECURRENTE,Lalo,,,,MIGRACION
2026-01-05,2026-01-05,TR-02,350771,Cuenta Corriente,PAGADO,TRANSFERENCIA,Comun,,,Ahorro Diciembre 2026,MIGRACION
2026-01-05,2026-01-05,IN-01,4029974,Cuenta Corriente,PAGADO,RECURRENTE,Rocha,,,,MIGRACION
2026-01-05,2026-01-05,AP-02,600000,Cuenta Corriente,PAGADO,RECURRENTE,Lalo,,,,MIGRACION
2026-01-05,2026-01-05,AP-01,600000,Cuenta Corriente,PAGADO,RECURRENTE,Rocha,,,,MIGRACION
2026-01-05,2026-01-05,VA-01,4080,Tarjeta Credito,PAGADO,RECURRENTE,Comun,,,Pan,MIGRACION
2026-01-06,2026-01-06,FI-04,27300,Cuenta Corriente,PAGADO,RECURRENTE,Comun,,,,MIGRACION
2026-01-06,2026-01-06,FI-08,63999,Cuenta Corriente,PAGADO,RECURRENTE,Comun,,,,MIGRACION
2026-01-06,2026-01-06,IN-03,836729,Cuenta Corriente,PAGADO,RECURRENTE,Comun,Deptos (sin asignar),,,MIGRACION
2026-01-06,2026-01-06,VA-10,30000,Tarjeta Credito,PAGADO,RECURRENTE,Comun,,,Baño,MIGRACION
2026-01-06,2026-01-06,VA-08,2380,Tarjeta Credito,PAGADO,EXTRAORDINARIO,Comun,,,Filtros,MIGRACION
2026-01-06,2026-01-06,FI-03,36103,Cuenta Corriente,PAGADO,RECURRENTE,Comun,,,,MIGRACION
2026-01-06,2026-01-06,VA-03,82659,Cuenta Corriente,PAGADO,RECURRENTE,Comun,,,,MIGRACION
2026-01-07,2026-01-07,VA-08,-60000,Cuenta Corriente,PAGADO,RECURRENTE,Comun,,,Deuda coloro,MIGRACION
2026-01-07,2026-01-07,VA-01,38365,Tarjeta Credito,PAGADO,RECURRENTE,Comun,,,,MIGRACION
2026-01-07,2026-01-07,FI-02,100409,Cuenta Corriente,PAGADO,RECURRENTE,Comun,,,,MIGRACION
2026-01-07,2026-01-07,VA-04,-76708,Cuenta Corriente,PAGADO,RECURRENTE,Comun,,Fondo Auto,Parte coquimbo,MIGRACION
2026-01-07,2026-01-07,VA-10,8370,Tarjeta Credito,PAGADO,RECURRENTE,Comun,,,Tarros,MIGRACION
2026-01-11,2026-01-11,VA-06,51870,Tarjeta Credito,PAGADO,RECURRENTE,Comun,,,Bar pega,MIGRACION
2026-01-11,2026-01-11,VA-02,10000,Tarjeta Credito,PAGADO,RECURRENTE,Comun,,,,MIGRACION
2026-01-11,2026-01-11,VA-01,22110,Tarjeta Credito,PAGADO,RECURRENTE,Comun,,,Almuerzo poli,MIGRACION
2026-01-12,2026-01-12,FI-11,-27904,Cuenta Corriente,PAGADO,RECURRENTE,Comun,,,Contribución,MIGRACION
2026-01-12,2026-01-12,VA-11,18040,Tarjeta Credito,PAGADO,RECURRENTE,Comun,,,Torta Amalia,MIGRACION
2026-01-12,2026-01-12,VA-01,13210,Tarjeta Credito,PAGADO,RECURRENTE,Comun,,,Rappi,MIGRACION
2026-01-12,2026-01-12,VA-08,29260,Cuenta Corriente,PAGADO,RECURRENTE,Comun,,,Pago Ugarte bar,MIGRACION
2026-01-12,2026-01-12,FI-09,-17990,Tarjeta Credito,PAGADO,RECURRENTE,Comun,,,Equifax,MIGRACION
2026-01-12,2026-01-12,VA-01,3780,Tarjeta Credito,PAGADO,RECURRENTE,Comun,,,Muffin mama,MIGRACION
2026-01-12,2026-01-12,FI-11,-55808,Cuenta Corriente,PAGADO,RECURRENTE,Comun,,,Contribuciones,MIGRACION
2026-01-12,2026-01-12,VA-08,17400,Tarjeta Credito,PAGADO,RECURRENTE,Comun,,,Youtopia café y cancha,MIGRACION
2026-01-12,2026-01-12,VA-02,38126,Tarjeta Credito,PAGADO,RECURRENTE,Comun,,,,MIGRACION
2026-01-12,2026-01-12,FI-09,57353,Tarjeta Credito,PAGADO,RECURRENTE,Comun,,,Webeo Pacita rappi + super,MIGRACION
2026-01-14,2026-01-14,VA-01,-5000,Cuenta Corriente,PAGADO,RECURRENTE,Comun,,,Polita,MIGRACION
2026-01-14,2026-01-14,FI-09,7990,Tarjeta Credito,PAGADO,RECURRENTE,Comun,,,,MIGRACION
2026-01-14,2026-01-14,VA-07,24648,Cuenta Corriente,PAGADO,RECURRENTE,Comun,,,Sushi,MIGRACION
2026-01-15,2026-01-15,FI-07,60000,Cuenta Corriente,PAGADO,RECURRENTE,Comun,,,Berni,MIGRACION
2026-01-15,2026-01-15,IN-03,420000,Cuenta Corriente,PAGADO,RECURRENTE,Comun,Deptos (sin asignar),,,MIGRACION
2026-01-16,2026-01-16,IN-05,12200,Tarjeta Credito,PAGADO,EXTRAORDINARIO,Comun,,,,MIGRACION
2026-01-16,2026-01-16,VA-08,-7000,Cuenta Corriente,PAGADO,RECURRENTE,Comun,,,Tenis,MIGRACION
2026-01-16,2026-01-16,VA-06,42460,Tarjeta Credito,PAGADO,RECURRENTE,Comun,,,,MIGRACION
2026-01-18,2026-01-18,VA-02,40811,Tarjeta Credito,PAGADO,RECURRENTE,Comun,,,,MIGRACION
2026-01-20,2026-01-20,VA-06,16995,Tarjeta Credito,PAGADO,RECURRENTE,Comun,,,Cumple fede,MIGRACION
2026-01-20,2026-01-20,TR-05,773539,Cuenta Corriente,PAGADO,TRANSFERENCIA,Comun,,,Corredora dpto,MIGRACION
2026-01-20,2026-01-20,VA-04,5500,Tarjeta Credito,PAGADO,RECURRENTE,Comun,,Fondo Auto,Estacionamiento exhorto,MIGRACION
2026-01-20,2026-01-20,VA-12,19980,Cuenta Corriente,PAGADO,RECURRENTE,Rocha,,,Tabaco Rocha,MIGRACION
2026-01-20,2026-01-20,VA-07,12000,Tarjeta Credito,PAGADO,RECURRENTE,Comun,,,Street wrap,MIGRACION
2026-01-20,2026-01-20,VA-08,-22170,Tarjeta Credito,PAGADO,RECURRENTE,Comun,,,Hielo,MIGRACION
2026-01-20,2026-01-20,VA-01,9880,Tarjeta Credito,PAGADO,RECURRENTE,Comun,,,Pollo y huevo,MIGRACION
2026-01-20,2026-01-20,VA-06,22178,Tarjeta Credito,PAGADO,RECURRENTE,Comun,,,Brunch,MIGRACION
2026-01-22,2026-01-22,TR-05,537608,Cuenta Corriente,PAGADO,TRANSFERENCIA,Comun,,,Pago dpto garantía,MIGRACION
2026-01-22,2026-01-22,VA-08,-66450,Tarjeta Credito,PAGADO,RECURRENTE,Rocha,,,Cumple rox,MIGRACION
2026-01-23,2026-01-23,VA-06,8400,Tarjeta Credito,PAGADO,RECURRENTE,Comun,,,Almuerzo,MIGRACION
2026-01-23,2026-01-23,FI-07,10550,Tarjeta Credito,PAGADO,RECURRENTE,Comun,,,,MIGRACION
2026-01-23,2026-01-23,VA-06,7570,Tarjeta Credito,PAGADO,RECURRENTE,Comun,,,Desayuno,MIGRACION
2026-01-26,2026-01-26,FI-05,21119,Cuenta Corriente,PAGADO,RECURRENTE,Comun,,,,MIGRACION
2026-01-30,2026-01-30,FO-02,-6000,Cuenta Corriente,PAGADO,RECURRENTE,Comun,,Fondo Casa,ganchos cortina,MIGRACION
2026-01-30,2026-01-30,VA-08,-15900,Tarjeta Credito,PAGADO,RECURRENTE,Comun,,,aperol,MIGRACION
2026-01-30,2026-01-30,VA-01,42056,Tarjeta Credito,PAGADO,RECURRENTE,Comun,,,,MIGRACION
2026-01-30,2026-01-30,VA-07,27000,Cuenta Corriente,PAGADO,RECURRENTE,Comun,,,burgas cabros,MIGRACION
2026-01-30,2026-01-30,VA-01,9980,Tarjeta Credito,PAGADO,RECURRENTE,Comun,,,9980,MIGRACION
2026-01-30,2026-01-30,VA-10,37500,Cuenta Corriente,PAGADO,RECURRENTE,Comun,,,cama,MIGRACION
2026-01-30,2026-01-30,VA-02,37576,Tarjeta Credito,PAGADO,RECURRENTE,Comun,,,,MIGRACION
2026-01-30,2026-01-30,FI-05,21119,Cuenta Corriente,PAGADO,RECURRENTE,Comun,,,,MIGRACION
2026-01-30,2026-01-30,FO-02,-15000,Cuenta Corriente,PAGADO,RECURRENTE,Comun,,Fondo Casa,gasfiter,MIGRACION
2026-01-30,2026-01-30,VA-01,8780,Cuenta Corriente,PAGADO,RECURRENTE,Comun,,,desayuno,MIGRACION
2026-01-30,2026-01-30,VA-01,-150000,Cuenta Corriente,PAGADO,RECURRENTE,Comun,,,cosas polita,MIGRACION
2026-01-30,2026-01-30,VA-01,77900,Tarjeta Credito,PAGADO,RECURRENTE,Comun,,,rappi super,MIGRACION
2026-01-30,2026-01-30,VA-01,10000,Cuenta Corriente,PAGADO,RECURRENTE,Comun,,,miel,MIGRACION
2026-02-01,2026-02-01,FI-01,1443647,Cuenta Corriente,PAGADO,RECURRENTE,Comun,,,comisión + notaría + arriendo,MIGRACION
2026-02-02,2026-02-02,VA-06,19750,Tarjeta Credito,PAGADO,RECURRENTE,Comun,,,Almuerzo ikea,MIGRACION
2026-02-17,2026-02-17,FI-08,63919,Cuenta Corriente,PAGADO,RECURRENTE,Comun,,,,MIGRACION
2026-02-17,2026-02-17,FI-07,40000,Cuenta Corriente,PAGADO,RECURRENTE,Comun,,,,MIGRACION
2026-02-17,2026-02-17,FI-01,1443647,Cuenta Corriente,PAGADO,RECURRENTE,Comun,,,,MIGRACION
2026-02-17,2026-02-17,IN-03,1256000,Cuenta Corriente,PAGADO,RECURRENTE,Comun,Deptos (sin asignar),,,MIGRACION
2026-02-17,2026-02-17,FI-02,124542,Cuenta Corriente,PAGADO,RECURRENTE,Comun,,,,MIGRACION
2026-02-17,2026-02-17,VA-01,-18000,Cuenta Corriente,PAGADO,RECURRENTE,Comun,,,Pato y Koto,MIGRACION
2026-02-17,2026-02-17,DE-01,1910263,Cuenta Corriente,PAGADO,RECURRENTE,Comun,Deptos (sin asignar),,,MIGRACION
2026-02-17,2026-02-17,VA-03,169919,Cuenta Corriente,PAGADO,RECURRENTE,Comun,,,,MIGRACION
2026-02-17,2026-02-17,FO-01,4991333,Cuenta Corriente,PAGADO,EXTRAORDINARIO,Comun,,Fondo Vacaciones,Cagada pasajes,MIGRACION
2026-02-17,2026-02-17,IN-01,5490326,Cuenta Corriente,PAGADO,RECURRENTE,Rocha,,,,MIGRACION
2026-02-17,2026-02-17,IN-02,1633375,Cuenta Corriente,PAGADO,RECURRENTE,Lalo,,,,MIGRACION
2026-02-17,2026-02-17,DE-02,193500,Cuenta Corriente,PAGADO,RECURRENTE,Comun,,,,MIGRACION
2026-02-18,2026-02-18,FI-07,30000,Cuenta Corriente,PAGADO,RECURRENTE,Comun,,,Berni,MIGRACION
2026-02-18,2026-02-18,FI-03,45869,Cuenta Corriente,PAGADO,RECURRENTE,Comun,,,Luz y gas,MIGRACION
2026-03-03,2026-03-03,IN-05,300000,Cuenta Corriente,PAGADO,EXTRAORDINARIO,Comun,,,Regalo Pedro sole Anto nacho,MIGRACION
2026-03-03,2026-03-03,FI-02,26558,Cuenta Corriente,PAGADO,RECURRENTE,Comun,,,Gasto enero,MIGRACION
2026-03-03,2026-03-03,IN-05,7870,Cuenta Corriente,PAGADO,EXTRAORDINARIO,Comun,,,Luna de miel,MIGRACION
2026-03-03,2026-03-03,FI-05,30000,Cuenta Corriente,PAGADO,RECURRENTE,Comun,,,Berni,MIGRACION
2026-03-03,2026-03-03,IN-03,320000,Cuenta Corriente,PAGADO,RECURRENTE,Comun,Deptos (sin asignar),,Dpto,MIGRACION
2026-03-17,2026-03-17,FI-03,55547,Cuenta Corriente,PAGADO,RECURRENTE,Comun,,,,MIGRACION
2026-03-17,2026-03-17,FI-01,1313278,Cuenta Corriente,PAGADO,RECURRENTE,Comun,,,,MIGRACION
2026-03-17,2026-03-17,TR-02,866320,Cuenta Corriente,PAGADO,TRANSFERENCIA,Comun,,,ingreso inversión Ariel,MIGRACION
2026-03-17,2026-03-17,VA-01,83562,Cuenta Corriente,PAGADO,RECURRENTE,Comun,,,,MIGRACION
2026-03-17,2026-03-17,FO-02,40310,Cuenta Corriente,PAGADO,RECURRENTE,Comun,,Fondo Casa,compras casa,MIGRACION
2026-03-17,2026-03-17,IN-01,3968646,Cuenta Corriente,PAGADO,RECURRENTE,Rocha,,,,MIGRACION
2026-03-17,2026-03-17,FO-02,33590,Cuenta Corriente,PAGADO,RECURRENTE,Comun,,Fondo Casa,varios,MIGRACION
2026-03-17,2026-03-17,FI-07,90000,Cuenta Corriente,PAGADO,RECURRENTE,Comun,,,,MIGRACION
2026-03-17,2026-03-17,AP-02,600000,Cuenta Corriente,PAGADO,RECURRENTE,Lalo,,,,MIGRACION
2026-03-17,2026-03-17,AP-01,600000,Cuenta Corriente,PAGADO,RECURRENTE,Rocha,,,,MIGRACION
2026-03-17,2026-03-17,VA-06,37590,Cuenta Corriente,PAGADO,RECURRENTE,Comun,,,majestic,MIGRACION
2026-03-17,2026-03-17,VA-07,11588,Cuenta Corriente,PAGADO,RECURRENTE,Comun,,,,MIGRACION
2026-03-17,2026-03-17,FO-02,2770,Cuenta Corriente,PAGADO,RECURRENTE,Comun,,Fondo Casa,llaves,MIGRACION
2026-03-17,2026-03-17,FO-01,48415,Cuenta Corriente,PAGADO,EXTRAORDINARIO,Comun,,Fondo Vacaciones,super coñaripe,MIGRACION
2026-03-17,2026-03-17,VA-02,38629,Cuenta Corriente,PAGADO,RECURRENTE,Comun,,,,MIGRACION
2026-03-17,2026-03-17,VA-01,223177,Cuenta Corriente,PAGADO,RECURRENTE,Comun,,,super,MIGRACION
2026-03-17,2026-03-17,IN-02,16745092,Cuenta Corriente,PAGADO,EXTRAORDINARIO,Lalo,,,,MIGRACION
2026-03-17,2026-03-17,VA-10,35000,Cuenta Corriente,PAGADO,RECURRENTE,Comun,,,baño,MIGRACION
2026-03-17,2026-03-17,VA-03,87101,Cuenta Corriente,PAGADO,RECURRENTE,Comun,,,,MIGRACION
2026-03-17,2026-03-17,TR-01,15544208,Cuenta Corriente,PAGADO,TRANSFERENCIA,Comun,,,Inversión,MIGRACION
2026-03-17,2026-03-17,IN-03,940000,Cuenta Corriente,PAGADO,RECURRENTE,Comun,Deptos (sin asignar),,,MIGRACION
2026-03-17,2026-03-17,VA-08,30000,Cuenta Corriente,PAGADO,RECURRENTE,Comun,,,Deuda Maca Landaeta,MIGRACION
2026-03-17,2026-03-17,DE-02,194200,Cuenta Corriente,PAGADO,RECURRENTE,Comun,,,,MIGRACION
2026-03-17,2026-03-17,FI-08,64145,Cuenta Corriente,PAGADO,RECURRENTE,Comun,,,,MIGRACION
2026-03-17,2026-03-17,DE-01,1916782,Cuenta Corriente,PAGADO,RECURRENTE,Comun,Deptos (sin asignar),,,MIGRACION
2026-03-17,2026-03-17,VA-10,16740,Cuenta Corriente,PAGADO,RECURRENTE,Comun,,,comida,MIGRACION
2026-03-17,2026-03-17,VA-01,1836,Cuenta Corriente,PAGADO,RECURRENTE,Comun,,,super,MIGRACION
2026-03-17,2026-03-17,FO-02,17719,Cuenta Corriente,PAGADO,RECURRENTE,Comun,,Fondo Casa,otro,MIGRACION
2026-03-18,2026-03-18,VA-07,33710,Cuenta Corriente,PAGADO,RECURRENTE,Comun,,,Sushi,MIGRACION
2026-03-19,2026-03-19,FI-02,201502,Cuenta Corriente,PAGADO,RECURRENTE,Comun,,,,MIGRACION
2026-03-21,2026-03-21,VA-04,60358,Cuenta Corriente,PAGADO,RECURRENTE,Comun,,Fondo Auto,Permiso circulación,MIGRACION
2026-03-21,2026-03-21,VA-06,14200,Cuenta Corriente,PAGADO,RECURRENTE,Comun,,,Helado,MIGRACION
2026-03-21,2026-03-21,VA-05,7200,Cuenta Corriente,PAGADO,RECURRENTE,Comun,,,Estacionamiento,MIGRACION
2026-03-21,2026-03-21,VA-06,16400,Cuenta Corriente,PAGADO,RECURRENTE,Comun,,,Pastas,MIGRACION
2026-03-22,2026-03-22,VA-05,2900,Cuenta Corriente,PAGADO,RECURRENTE,Comun,,,Estscionamiento mall,MIGRACION
2026-03-22,2026-03-22,VA-07,36040,Cuenta Corriente,PAGADO,RECURRENTE,Comun,,,Copete y pizza,MIGRACION
2026-03-23,2026-03-23,FI-10,6970,Cuenta Corriente,PAGADO,RECURRENTE,Comun,,,Administración banco,MIGRACION
2026-03-23,2026-03-23,VA-07,12780,Cuenta Corriente,PAGADO,RECURRENTE,Comun,,,Mcdo,MIGRACION
2026-03-24,2026-03-24,VA-07,18360,Tarjeta Credito,PAGADO,RECURRENTE,Comun,,,Desayuno,MIGRACION
2026-03-24,2026-03-24,FO-02,279990,Cuenta Corriente,PAGADO,EXTRAORDINARIO,Comun,,Fondo Casa,Aspiradora,MIGRACION
2026-03-24,2026-03-24,VA-01,55687,Tarjeta Credito,PAGADO,RECURRENTE,Comun,,,,MIGRACION
2026-03-24,2026-03-24,VA-12,246516,Cuenta Corriente,PAGADO,RECURRENTE,Comun,,,Puchos rai,MIGRACION
2026-03-25,2026-03-25,VA-01,20000,Cuenta Corriente,PAGADO,RECURRENTE,Comun,,,Comida mama,MIGRACION
2026-03-26,,FO-02,401930,Tarjeta Credito,PENDIENTE,EXTRAORDINARIO,Comun,,Fondo Casa,Sillas,MIGRACION
2026-03-26,2026-03-26,VA-02,29500,Tarjeta Credito,PAGADO,RECURRENTE,Comun,,,Bencina,MIGRACION
2026-03-26,2026-03-26,FO-02,101970,Tarjeta Credito,PAGADO,EXTRAORDINARIO,Comun,,Fondo Casa,Arreglos - veladores,MIGRACION
2026-03-26,2026-03-26,VA-05,1500,Tarjeta Credito,PAGADO,RECURRENTE,Comun,,,Estacionamiento,MIGRACION
2026-03-30,,FO-02,433333,Tarjeta Credito,PENDIENTE,EXTRAORDINARIO,Comun,,Fondo Casa,Equipo música cuota 1,MIGRACION
2026-03-30,,VA-05,2250,Tarjeta Credito,PENDIENTE,RECURRENTE,Comun,,,Estacionamiento mall,MIGRACION
2026-03-30,,VA-07,36180,Tarjeta Credito,PENDIENTE,RECURRENTE,Comun,,,Webeo lundvi,MIGRACION
2026-03-30,2026-03-30,VA-01,38594,Cuenta Corriente,PAGADO,RECURRENTE,Comun,,,Super,MIGRACION
2026-03-30,,VA-06,41400,Tarjeta Credito,PENDIENTE,RECURRENTE,Comun,,,Street y dominó,MIGRACION
2026-03-30,2026-03-30,FO-02,89800,Cuenta Corriente,PAGADO,EXTRAORDINARIO,Comun,,Fondo Casa,Medular,MIGRACION
2026-03-30,,VA-01,56065,Tarjeta Credito,PENDIENTE,RECURRENTE,Comun,,,Súper,MIGRACION
2026-03-30,,FO-02,357181,Tarjeta Credito,PENDIENTE,EXTRAORDINARIO,Comun,,Fondo Casa,Sillas,MIGRACION
2026-03-30,,FO-02,412656,Tarjeta Credito,PENDIENTE,EXTRAORDINARIO,Comun,,Fondo Casa,Sillones cuota 1,MIGRACION
2026-03-31,,FO-02,2190,Tarjeta Credito,PENDIENTE,RECURRENTE,Comun,,Fondo Casa,Llave,MIGRACION
2026-04-01,2026-04-01,FO-02,75990,Cuenta Corriente,PAGADO,EXTRAORDINARIO,Comun,,Fondo Casa,Silla,MIGRACION
2026-04-01,2026-04-01,FO-02,40000,Cuenta Corriente,PAGADO,EXTRAORDINARIO,Comun,,Fondo Casa,Sillones,MIGRACION
2026-04-01,2026-04-01,VA-01,7424,Cuenta Corriente,PAGADO,RECURRENTE,Comun,,,Street wrap,MIGRACION
2026-04-01,2026-04-01,IN-02,1632612,Cuenta Corriente,PAGADO,RECURRENTE,Lalo,,,,MIGRACION
2026-04-01,2026-04-01,IN-01,4062595,Cuenta Corriente,PAGADO,RECURRENTE,Rocha,,,,MIGRACION
2026-04-02,2026-04-02,VA-03,23774,Cuenta Corriente,PAGADO,RECURRENTE,Comun,,,,MIGRACION
2026-04-02,2026-04-02,DE-01,650615,Cuenta Corriente,PAGADO,RECURRENTE,Comun,Deptos (sin asignar),,,MIGRACION
2026-04-02,2026-04-02,FI-01,1314776,Cuenta Corriente,PAGADO,RECURRENTE,Comun,,,,MIGRACION
2026-04-02,2026-04-02,DE-02,194190,Cuenta Corriente,PAGADO,RECURRENTE,Comun,,,,MIGRACION
2026-04-02,2026-04-02,DE-01,646651,Cuenta Corriente,PAGADO,RECURRENTE,Comun,Deptos (sin asignar),,,MIGRACION
2026-04-02,2026-04-02,FO-01,2537284,Cuenta Corriente,PAGADO,EXTRAORDINARIO,Comun,,Fondo Vacaciones,Cagado viaje,MIGRACION
2026-04-02,2026-04-02,FI-08,64145,Cuenta Corriente,PAGADO,RECURRENTE,Comun,,,,MIGRACION
2026-04-02,2026-04-02,FI-07,60000,Cuenta Corriente,PAGADO,RECURRENTE,Comun,,,Berni,MIGRACION
2026-04-04,2026-04-04,DE-01,619846,Cuenta Corriente,PAGADO,RECURRENTE,Comun,Depto BCI,,Bci,MIGRACION
2026-04-04,2026-04-04,IN-03,425880,Cuenta Corriente,PAGADO,RECURRENTE,Comun,Deptos (sin asignar),,,MIGRACION
2026-04-06,,FO-01,24830,Tarjeta Credito,PENDIENTE,EXTRAORDINARIO,Comun,,Fondo Vacaciones,Curanipe,MIGRACION
2026-04-06,2026-04-06,AP-02,400000,Cuenta Corriente,PAGADO,RECURRENTE,Lalo,,,,MIGRACION
2026-04-06,2026-04-06,AP-01,400000,Cuenta Corriente,PAGADO,RECURRENTE,Rocha,,,,MIGRACION
2026-04-06,2026-04-06,VA-08,100000,Cuenta Corriente,PAGADO,RECURRENTE,Comun,,,Regalo Matri cabros,MIGRACION
2026-04-06,,VA-04,24396,Tarjeta Credito,PENDIENTE,RECURRENTE,Comun,,Fondo Auto,Plumillas,MIGRACION
2026-04-06,2026-04-06,IN-03,425880,Cuenta Corriente,PAGADO,RECURRENTE,Comun,Deptos (sin asignar),,Dpto 2,MIGRACION
2026-04-06,,VA-07,18970,Tarjeta Credito,PENDIENTE,RECURRENTE,Comun,,,Burga vuelta curanipe,MIGRACION
2026-04-06,,VA-07,22940,Tarjeta Credito,PENDIENTE,RECURRENTE,Comun,,,Sushi,MIGRACION
2026-04-07,,VA-07,7750,Tarjeta Credito,PENDIENTE,RECURRENTE,Comun,,,Rappi coloro,MIGRACION
2026-04-09,,VA-10,54093,Tarjeta Credito,PENDIENTE,RECURRENTE,Comun,,,Correas y comidas,MIGRACION
2026-04-09,2026-04-09,VA-01,12000,Cuenta Corriente,PAGADO,RECURRENTE,Comun,,,Patty,MIGRACION
2026-04-09,2026-04-09,VA-01,115463,Cuenta Corriente,PAGADO,RECURRENTE,Comun,,,,MIGRACION
2026-04-12,,VA-07,35700,Tarjeta Credito,PENDIENTE,RECURRENTE,Comun,,,Gortunata,MIGRACION
2026-04-14,2026-04-14,IN-03,429660,Cuenta Corriente,PAGADO,RECURRENTE,Comun,Deptos (sin asignar),,,MIGRACION
2026-04-16,2026-04-16,FI-02,192138,Cuenta Corriente,PAGADO,RECURRENTE,Comun,,,,MIGRACION
2026-04-16,2026-04-16,FI-07,60000,Cuenta Corriente,PAGADO,RECURRENTE,Comun,,,Berni,MIGRACION
2026-04-16,,VA-01,38732,Tarjeta Credito,PENDIENTE,RECURRENTE,Comun,,,,MIGRACION
2026-04-16,,FO-02,15880,Tarjeta Credito,PENDIENTE,EXTRAORDINARIO,Comun,,Fondo Casa,Especiero,MIGRACION
2026-04-16,,VA-07,7990,Tarjeta Credito,PENDIENTE,RECURRENTE,Comun,,,,MIGRACION
2026-04-27,,VA-01,12900,Tarjeta Credito,PENDIENTE,RECURRENTE,Comun,,,,MIGRACION
2026-04-27,2026-04-27,FO-02,46660,Cuenta Corriente,PAGADO,EXTRAORDINARIO,Comun,,Fondo Casa,Maceteros y plantas,MIGRACION
2026-04-27,2026-04-27,FO-02,355000,Cuenta Corriente,PAGADO,EXTRAORDINARIO,Comun,,Fondo Casa,Sillón,MIGRACION
2026-04-27,2026-04-27,FI-05,20000,Cuenta Corriente,PAGADO,RECURRENTE,Comun,,,,MIGRACION
2026-04-27,2026-04-27,FI-06,10476,Cuenta Corriente,PAGADO,RECURRENTE,Rocha,,,Celu rocha,MIGRACION
2026-04-27,2026-04-27,FI-09,15389,Cuenta Corriente,PAGADO,RECURRENTE,Comun,,,HBO y netflix,MIGRACION
2026-04-27,2026-04-27,VA-02,45927,Cuenta Corriente,PAGADO,RECURRENTE,Comun,,,,MIGRACION
2026-04-27,2026-04-27,TR-04,41591,Cuenta Corriente,PAGADO,TRANSFERENCIA,Comun,,,Cuadratura,MIGRACION
2026-05-01,2026-05-01,FI-04,20991,Cuenta Corriente,PAGADO,RECURRENTE,Comun,,,Mayo,MIGRACION
2026-05-01,2026-05-01,TR-03,425320,Cuenta Corriente,PAGADO,TRANSFERENCIA,Comun,,,Pago tarjeta,MIGRACION
2026-05-01,2026-05-01,VA-02,49532,Cuenta Corriente,PAGADO,RECURRENTE,Comun,,,,MIGRACION
2026-05-01,2026-05-01,FI-03,41531,Cuenta Corriente,PAGADO,RECURRENTE,Comun,,,,MIGRACION
2026-05-01,2026-05-01,IN-01,2903603,Cuenta Corriente,PAGADO,RECURRENTE,Rocha,,,,MIGRACION
2026-05-01,2026-05-01,VA-10,28671,Cuenta Corriente,PAGADO,RECURRENTE,Comun,,,Cosas mila,MIGRACION
2026-05-01,,VA-06,18260,Tarjeta Credito,PENDIENTE,RECURRENTE,Comun,,,Desayuno dulcería,MIGRACION
2026-05-01,2026-05-01,VA-06,34800,Cuenta Corriente,PAGADO,RECURRENTE,Comun,,,Sakura,MIGRACION
2026-05-01,2026-05-01,FO-02,940754,Cuenta Corriente,PAGADO,EXTRAORDINARIO,Comun,,Fondo Casa,Arreglos varios cuotas,MIGRACION
2026-05-01,2026-05-01,VA-03,45994,Cuenta Corriente,PAGADO,RECURRENTE,Comun,,,,MIGRACION
2026-05-01,2026-05-01,DE-01,651379,Cuenta Corriente,PAGADO,RECURRENTE,Comun,Deptos (sin asignar),,,MIGRACION
2026-05-01,,VA-10,136660,Tarjeta Credito,PENDIENTE,RECURRENTE,Comun,,,Comida,MIGRACION
2026-05-01,2026-05-01,IN-02,4090600,Cuenta Corriente,PAGADO,EXTRAORDINARIO,Lalo,,,,MIGRACION
2026-05-01,2026-05-01,FI-08,64615,Cuenta Corriente,PAGADO,RECURRENTE,Comun,,,,MIGRACION
2026-05-01,2026-05-01,AP-02,1748863,Cuenta Corriente,PAGADO,RECURRENTE,Lalo,,,,MIGRACION
2026-05-01,2026-05-01,AP-01,1748863,Cuenta Corriente,PAGADO,RECURRENTE,Rocha,,,,MIGRACION
2026-05-01,2026-05-01,FI-09,7190,Cuenta Corriente,PAGADO,RECURRENTE,Comun,,,Hbo,MIGRACION
2026-05-01,2026-05-01,VA-06,34430,Cuenta Corriente,PAGADO,RECURRENTE,Comun,,,Caffé di luca,MIGRACION
2026-05-01,,FI-04,17481,Tarjeta Credito,PENDIENTE,RECURRENTE,Comun,,,Abril pend,MIGRACION
2026-05-01,2026-05-01,FI-01,1130734,Cuenta Corriente,PAGADO,RECURRENTE,Comun,,,Arriendo,MIGRACION
2026-05-01,2026-05-01,FO-02,73620,Tarjeta Credito,PAGADO,EXTRAORDINARIO,Comun,,Fondo Casa,,MIGRACION
2026-05-01,,VA-11,110000,Tarjeta Credito,PENDIENTE,RECURRENTE,Comun,,,Matri cusi,MIGRACION
2026-05-01,,VA-01,13190,Tarjeta Credito,PENDIENTE,RECURRENTE,Comun,,,Palta queso,MIGRACION
2026-05-01,2026-05-01,FI-07,90000,Cuenta Corriente,PAGADO,RECURRENTE,Comun,,,Berni,MIGRACION
2026-05-01,2026-05-01,DE-03,1588830,Cuenta Corriente,PAGADO,EXTRAORDINARIO,Comun,,,Hijo de perra fondo solidario,MIGRACION
2026-05-01,2026-05-01,DE-02,195810,Cuenta Corriente,PAGADO,RECURRENTE,Comun,,,,MIGRACION
2026-05-01,2026-05-01,IN-02,13359514,Cuenta Corriente,PAGADO,EXTRAORDINARIO,Lalo,,,,MIGRACION
2026-05-01,2026-05-01,FI-06,15000,Cuenta Corriente,PAGADO,RECURRENTE,Comun,,,Celu lallo,MIGRACION
2026-05-01,2026-05-01,TR-02,801106,Cuenta Corriente,PAGADO,TRANSFERENCIA,Comun,,,Dolares,MIGRACION
2026-05-01,2026-05-01,FO-02,2114053,Cuenta Corriente,PAGADO,EXTRAORDINARIO,Comun,,Fondo Casa,Cortinas,MIGRACION
2026-05-01,2026-05-01,VA-99,9169,Cuenta Corriente,PAGADO,RECURRENTE,Comun,,,,MIGRACION
2026-05-01,2026-05-01,IN-01,1532822,Cuenta Corriente,PAGADO,RECURRENTE,Rocha,,,Dev impuesto,MIGRACION
2026-05-01,2026-05-01,VA-07,28500,Cuenta Corriente,PAGADO,RECURRENTE,Comun,,,Sushi,MIGRACION
2026-05-01,2026-05-01,DE-01,655372,Cuenta Corriente,PAGADO,RECURRENTE,Comun,Deptos (sin asignar),,,MIGRACION
2026-05-01,2026-05-01,VA-01,67850,Cuenta Corriente,PAGADO,RECURRENTE,Comun,,,,MIGRACION
2026-05-01,2026-05-01,VA-04,6280,Cuenta Corriente,PAGADO,RECURRENTE,Comun,,Fondo Auto,Viaje matri,MIGRACION
2026-05-01,2026-05-01,VA-07,39490,Cuenta Corriente,PAGADO,RECURRENTE,Comun,,,Acai+webeochina,MIGRACION
2026-05-02,2026-05-02,FI-07,37000,Cuenta Corriente,PAGADO,RECURRENTE,Comun,,,Productos pedro,MIGRACION
2026-05-03,2026-05-03,FO-02,28940,Tarjeta Credito,PAGADO,EXTRAORDINARIO,Comun,,Fondo Casa,Easy,MIGRACION
2026-05-03,2026-05-03,VA-06,47600,Cuenta Corriente,PAGADO,RECURRENTE,Comun,,,,MIGRACION
2026-05-03,2026-05-03,VA-04,80000,Cuenta Corriente,PAGADO,RECURRENTE,Comun,,Fondo Auto,Pintura,MIGRACION
2026-05-05,2026-05-05,VA-01,129999,Cuenta Corriente,PAGADO,RECURRENTE,Comun,,,,MIGRACION
2026-05-05,2026-05-05,DE-01,625202,Cuenta Corriente,PAGADO,RECURRENTE,Comun,Deptos (sin asignar),,,MIGRACION
2026-05-06,2026-05-06,VA-01,15395,Cuenta Corriente,PAGADO,RECURRENTE,Comun,,,,MIGRACION
2026-05-06,2026-05-06,IN-03,848152,Cuenta Corriente,PAGADO,RECURRENTE,Comun,Deptos (sin asignar),,,MIGRACION
2026-05-06,2026-05-06,VA-11,22000,Cuenta Corriente,PAGADO,RECURRENTE,Rocha,,,Papá rocha,MIGRACION
2026-05-06,2026-05-06,VA-11,24000,Cuenta Corriente,PAGADO,RECURRENTE,Comun,,,Regalo rai,MIGRACION
2026-05-06,,VA-01,7270,Tarjeta Credito,PENDIENTE,RECURRENTE,Comun,,,,MIGRACION
2026-05-07,2026-05-07,VA-10,10880,Cuenta Corriente,PAGADO,RECURRENTE,Comun,,,Zapatitos,MIGRACION
2026-05-07,2026-05-07,VA-01,6627,Cuenta Corriente,PAGADO,RECURRENTE,Comun,,,,MIGRACION
2026-05-07,2026-05-07,FO-02,55596,Cuenta Corriente,PAGADO,EXTRAORDINARIO,Comun,,Fondo Casa,Sabanas,MIGRACION
2026-05-12,,VA-01,8504,Tarjeta Credito,PENDIENTE,RECURRENTE,Comun,,,,MIGRACION
2026-05-12,2026-05-12,FI-07,30000,Cuenta Corriente,PAGADO,RECURRENTE,Comun,,,Berni,MIGRACION
2026-05-12,2026-05-12,TR-04,718659,Cuenta Corriente,PAGADO,TRANSFERENCIA,Comun,,,Cuadratura,MIGRACION
2026-05-12,,VA-01,5890,Tarjeta Credito,PENDIENTE,RECURRENTE,Rocha,,,Rappi rocha,MIGRACION
2026-05-12,,FI-09,1290,Tarjeta Credito,PENDIENTE,RECURRENTE,Comun,,,Crunchy,MIGRACION
2026-05-12,,VA-10,31710,Tarjeta Credito,PENDIENTE,RECURRENTE,Comun,,,,MIGRACION
2026-05-12,2026-05-12,TR-01,10000000,Cuenta Corriente,PAGADO,TRANSFERENCIA,Comun,,,,MIGRACION
2026-05-12,,VA-01,9640,Tarjeta Credito,PENDIENTE,RECURRENTE,Lalo,,,Weas Lalo solo,MIGRACION
2026-05-13,2026-05-13,VA-08,38218,Cuenta Corriente,PAGADO,RECURRENTE,Comun,,,Copete carrete,MIGRACION
2026-05-15,2026-05-15,VA-07,25670,Cuenta Corriente,PAGADO,RECURRENTE,Comun,,,,MIGRACION
2026-05-15,2026-05-15,IN-03,429660,Cuenta Corriente,PAGADO,RECURRENTE,Comun,Deptos (sin asignar),,,MIGRACION
2026-05-15,2026-05-15,VA-01,69250,Tarjeta Credito,PAGADO,RECURRENTE,Comun,,,,MIGRACION
2026-05-18,2026-05-18,VA-04,450,Cuenta Corriente,PAGADO,RECURRENTE,Comun,,Fondo Auto,Ferreteria,MIGRACION
2026-05-18,2026-05-18,FO-02,210000,Cuenta Corriente,PAGADO,EXTRAORDINARIO,Comun,,Fondo Casa,Instalar cortina,MIGRACION
2026-05-18,2026-05-18,VA-06,7200,Cuenta Corriente,PAGADO,RECURRENTE,Comun,,,Cafe,MIGRACION
2026-05-18,2026-05-18,FI-02,234756,Cuenta Corriente,PAGADO,RECURRENTE,Comun,,,,MIGRACION
2026-05-18,2026-05-18,FI-07,30000,Cuenta Corriente,PAGADO,RECURRENTE,Comun,,,Berni,MIGRACION
2026-05-18,2026-05-18,VA-07,67530,Cuenta Corriente,PAGADO,RECURRENTE,Comun,,,Mcdo + sushi + brunch,MIGRACION
2026-05-18,2026-05-18,VA-01,36970,Cuenta Corriente,PAGADO,RECURRENTE,Comun,,,,MIGRACION
2026-05-22,2026-05-22,FO-02,21076,Cuenta Corriente,PAGADO,EXTRAORDINARIO,Comun,,Fondo Casa,,MIGRACION
2026-05-22,2026-05-22,FI-10,7071,Cuenta Corriente,PAGADO,RECURRENTE,Comun,,,Banco,MIGRACION
2026-05-22,2026-05-22,FI-06,29000,Cuenta Corriente,PAGADO,RECURRENTE,Comun,,,,MIGRACION
2026-05-22,2026-05-22,FI-09,9990,Cuenta Corriente,PAGADO,RECURRENTE,Comun,,,Netflix,MIGRACION
2026-05-22,2026-05-22,VA-01,108668,Cuenta Corriente,PAGADO,RECURRENTE,Comun,,,,MIGRACION
2026-05-22,2026-05-22,VA-09,29670,Cuenta Corriente,PAGADO,RECURRENTE,Comun,,Fondo Salud,Farmacia,MIGRACION
2026-05-22,2026-05-22,FI-05,16434,Cuenta Corriente,PAGADO,RECURRENTE,Comun,,,,MIGRACION
2026-05-22,2026-05-22,FI-09,1290,Cuenta Corriente,PAGADO,RECURRENTE,Comun,,,Crunchy,MIGRACION
2026-05-22,2026-05-22,VA-05,6165,Cuenta Corriente,PAGADO,RECURRENTE,Comun,,,Uber y algo,MIGRACION
2026-05-22,2026-05-22,VA-02,51347,Cuenta Corriente,PAGADO,RECURRENTE,Comun,,,,MIGRACION
2026-05-25,2026-05-25,FO-01,145676,Cuenta Corriente,PAGADO,EXTRAORDINARIO,Comun,,Fondo Vacaciones,Fin de semana,MIGRACION
2026-05-25,2026-05-25,VA-06,22640,Cuenta Corriente,PAGADO,RECURRENTE,Comun,,,Street y acai,MIGRACION
2026-05-26,2026-05-26,VA-06,5800,Cuenta Corriente,PAGADO,RECURRENTE,Comun,,,Café,MIGRACION
2026-05-26,2026-05-26,VA-01,33626,Cuenta Corriente,PAGADO,RECURRENTE,Comun,,,,MIGRACION
2026-05-26,2026-05-26,VA-09,91540,Cuenta Corriente,PAGADO,RECURRENTE,Rocha,,Fondo Salud,Dientes rox,MIGRACION
2026-05-26,2026-05-26,VA-01,8500,Cuenta Corriente,PAGADO,RECURRENTE,Comun,,,Huevos,MIGRACION
2026-05-28,2026-05-28,FI-09,7190,Cuenta Corriente,PAGADO,RECURRENTE,Comun,,,,MIGRACION
2026-05-28,2026-05-28,VA-01,51742,Cuenta Corriente,PAGADO,RECURRENTE,Comun,,,,MIGRACION
2026-06-01,2026-06-01,DE-02,198030,Cuenta Corriente,PAGADO,RECURRENTE,Comun,,,,MIGRACION
2026-06-01,2026-06-01,FI-08,65383,Cuenta Corriente,PAGADO,RECURRENTE,Comun,,,,MIGRACION
2026-06-01,2026-06-01,VA-03,26765,Cuenta Corriente,PAGADO,RECURRENTE,Comun,,,,MIGRACION
2026-06-01,2026-06-01,DE-01,663160,Cuenta Corriente,PAGADO,RECURRENTE,Rocha,Depto Metlife Rocha,,Metlife rocha,MIGRACION
2026-06-01,2026-06-01,VA-05,7638,Cuenta Corriente,PAGADO,RECURRENTE,Comun,,,Uber bar,MIGRACION
2026-06-01,2026-06-01,VA-01,16970,Cuenta Corriente,PAGADO,RECURRENTE,Comun,,,Rappi,MIGRACION
2026-06-01,2026-06-01,FI-07,60000,Cuenta Corriente,PAGADO,RECURRENTE,Comun,,,,MIGRACION
2026-06-01,2026-06-01,FI-01,1147040,Cuenta Corriente,PAGADO,RECURRENTE,Comun,,,,MIGRACION
2026-06-01,2026-06-01,IN-01,3212396,Cuenta Corriente,PAGADO,RECURRENTE,Rocha,,,,MIGRACION
2026-06-01,2026-06-01,VA-11,44395,Cuenta Corriente,PAGADO,RECURRENTE,Comun,,,Dana + chocolates + andrea,MIGRACION
2026-06-01,2026-06-01,FI-04,30218,Cuenta Corriente,PAGADO,RECURRENTE,Comun,,,,MIGRACION
2026-06-01,2026-06-01,IN-02,1657503,Cuenta Corriente,PAGADO,RECURRENTE,Lalo,,,,MIGRACION
2026-06-01,2026-06-01,DE-01,659120,Cuenta Corriente,PAGADO,RECURRENTE,Lalo,Deptos (sin asignar),,Lalo,MIGRACION
2026-06-01,2026-06-01,VA-01,22599,Cuenta Corriente,PAGADO,RECURRENTE,Comun,,,,MIGRACION
2026-06-01,2026-06-01,VA-06,25240,Cuenta Corriente,PAGADO,RECURRENTE,Comun,,,Luna bar,MIGRACION
2026-06-01,2026-06-01,VA-06,23738,Cuenta Corriente,PAGADO,RECURRENTE,Comun,,,Bar andrea,MIGRACION
2026-06-01,2026-06-01,VA-01,8500,Cuenta Corriente,PAGADO,RECURRENTE,Comun,,,Huevos,MIGRACION
2026-06-01,2026-06-01,FI-03,49190,Cuenta Corriente,PAGADO,RECURRENTE,Comun,,,,MIGRACION
2026-06-01,2026-06-01,VA-08,10500,Cuenta Corriente,PAGADO,RECURRENTE,Comun,,,Cine,MIGRACION
2026-06-04,2026-06-04,VA-02,15000,Cuenta Corriente,PAGADO,RECURRENTE,Comun,,,,MIGRACION
2026-06-04,2026-06-04,FO-02,74990,Cuenta Corriente,PAGADO,EXTRAORDINARIO,Comun,,Fondo Casa,Mesa,MIGRACION
2026-06-04,2026-06-04,VA-01,59539,Cuenta Corriente,PAGADO,RECURRENTE,Comun,,,,MIGRACION
2026-06-04,2026-06-04,VA-07,24510,Cuenta Corriente,PAGADO,RECURRENTE,Comun,,,Alemán exp,MIGRACION
2026-06-04,2026-06-04,VA-11,19398,Cuenta Corriente,PAGADO,RECURRENTE,Comun,,,Regalo Seba,MIGRACION
2026-06-04,2026-06-04,FO-02,940759,Cuenta Corriente,PAGADO,EXTRAORDINARIO,Comun,,Fondo Casa,,MIGRACION
2026-06-05,2026-06-05,IN-03,1063152,Cuenta Corriente,PAGADO,RECURRENTE,Comun,Deptos (sin asignar),,,MIGRACION
2026-06-05,2026-06-05,DE-01,633106,Cuenta Corriente,PAGADO,RECURRENTE,Comun,Deptos (sin asignar),,,MIGRACION
2026-06-09,2026-06-09,VA-11,20746,Cuenta Corriente,PAGADO,RECURRENTE,Comun,,,Regalo Jose m,MIGRACION
2026-06-11,2026-06-11,VA-09,41530,Cuenta Corriente,PAGADO,RECURRENTE,Rocha,,Fondo Salud,Condones y doctor rocha,MIGRACION
2026-06-11,2026-06-11,DE-01,633106,Cuenta Corriente,PAGADO,RECURRENTE,Comun,Deptos (sin asignar),,Dpto,MIGRACION
2026-06-11,2026-06-11,VA-01,53354,Cuenta Corriente,PAGADO,RECURRENTE,Comun,,,,MIGRACION
2026-06-11,2026-06-11,TR-02,639563,Cuenta Corriente,PAGADO,TRANSFERENCIA,Comun,,,De ahorro,MIGRACION
2026-06-11,2026-06-11,VA-02,53279,Cuenta Corriente,PAGADO,RECURRENTE,Comun,,,,MIGRACION
2026-06-11,2026-06-11,FI-07,60000,Cuenta Corriente,PAGADO,RECURRENTE,Comun,,,Berni,MIGRACION
2026-06-11,2026-06-11,VA-11,18427,Cuenta Corriente,PAGADO,RECURRENTE,Comun,,,Regalo mama,MIGRACION
2026-06-11,2026-06-11,VA-06,25750,Cuenta Corriente,PAGADO,RECURRENTE,Comun,,,Salida cumple mamá,MIGRACION
2026-06-11,2026-06-11,VA-11,131490,Cuenta Corriente,PAGADO,RECURRENTE,Comun,,,Tele berni,MIGRACION
2026-06-11,2026-06-11,FI-10,26280,Cuenta Corriente,PAGADO,RECURRENTE,Comun,,,Autofact,MIGRACION
2026-06-11,2026-06-11,VA-06,68728,Cuenta Corriente,PAGADO,RECURRENTE,Comun,,,Salida cumple mama,MIGRACION
2026-06-11,2026-06-11,FI-09,1290,Cuenta Corriente,PAGADO,RECURRENTE,Comun,,,Crunchy,MIGRACION
2026-06-12,2026-06-12,VA-09,9068,Cuenta Corriente,PAGADO,RECURRENTE,Comun,,Fondo Salud,Remedios,MIGRACION
2026-06-13,2026-06-13,IN-03,215000,Cuenta Corriente,PAGADO,RECURRENTE,Comun,Deptos (sin asignar),,,MIGRACION
2026-06-13,2026-06-13,VA-11,14900,Cuenta Corriente,PAGADO,RECURRENTE,Comun,,,Regalo jose,MIGRACION
2026-06-15,2026-06-15,VA-01,66629,Cuenta Corriente,PAGADO,RECURRENTE,Comun,,,,MIGRACION
2026-06-15,2026-06-15,FI-02,238365,Cuenta Corriente,PAGADO,RECURRENTE,Comun,,,,MIGRACION
2026-06-15,2026-06-15,VA-06,157698,Cuenta Corriente,PAGADO,RECURRENTE,Comun,,,Bar finde,MIGRACION
2026-06-15,2026-06-15,FI-09,7990,Cuenta Corriente,PAGADO,RECURRENTE,Comun,,,Rappi,MIGRACION
2026-06-15,2026-06-15,VA-99,5460,Cuenta Corriente,PAGADO,RECURRENTE,Comun,,,,MIGRACION
2026-06-21,2026-06-21,VA-01,100654,Cuenta Corriente,PAGADO,RECURRENTE,Comun,,,,MIGRACION
2026-06-22,2026-06-22,FI-10,7138,Cuenta Corriente,PAGADO,RECURRENTE,Comun,,,Banco,MIGRACION
2026-06-22,2026-06-22,VA-10,22480,Cuenta Corriente,PAGADO,RECURRENTE,Comun,,,Bracero,MIGRACION
2026-06-22,2026-06-22,TR-02,99224,Cuenta Corriente,PAGADO,TRANSFERENCIA,Comun,,,Diferencia auto,MIGRACION
2026-06-22,2026-06-22,FI-09,9990,Cuenta Corriente,PAGADO,RECURRENTE,Comun,,,Netflix,MIGRACION
2026-06-22,2026-06-22,VA-10,30000,Cuenta Corriente,PAGADO,RECURRENTE,Comun,,,Baño Mila,MIGRACION
2026-06-22,2026-06-22,VA-07,30080,Cuenta Corriente,PAGADO,RECURRENTE,Comun,,,Aperitivo cambiar a súper,MIGRACION
2026-06-22,2026-06-22,VA-01,80444,Cuenta Corriente,PAGADO,RECURRENTE,Comun,,,Super,MIGRACION
2026-06-22,2026-06-22,VA-06,20800,Cuenta Corriente,PAGADO,RECURRENTE,Comun,,,Desayunos,MIGRACION
2026-06-22,2026-06-22,VA-10,13840,Cuenta Corriente,PAGADO,RECURRENTE,Comun,,,Hueso mila,MIGRACION
2026-06-28,2026-06-28,VA-01,25570,Cuenta Corriente,PAGADO,RECURRENTE,Comun,,,Rana,MIGRACION
2026-06-28,2026-06-28,FI-05,15434,Cuenta Corriente,PAGADO,RECURRENTE,Comun,,,Movidtar,MIGRACION
2026-06-28,2026-06-28,FI-06,30000,Cuenta Corriente,PAGADO,RECURRENTE,Comun,,,Cel,MIGRACION
2026-06-28,2026-06-28,VA-05,3194,Cuenta Corriente,PAGADO,RECURRENTE,Comun,,,Uber lucho,MIGRACION
2026-06-28,2026-06-28,VA-99,9900,Cuenta Corriente,PAGADO,RECURRENTE,Comun,,,Nose,MIGRACION
2026-06-28,2026-06-28,FI-08,35896,Cuenta Corriente,PAGADO,RECURRENTE,Comun,,,Auto nuevo,MIGRACION
2026-07-01,2026-07-01,VA-01,22115,Cuenta Corriente,PAGADO,RECURRENTE,Comun,,,Carne,MIGRACION
2026-07-01,2026-07-01,VA-06,6600,Cuenta Corriente,PAGADO,RECURRENTE,Comun,,,Cafes,MIGRACION
2026-07-01,2026-07-01,VA-05,1800,Cuenta Corriente,PAGADO,RECURRENTE,Comun,,,Estacionamiento,MIGRACION
2026-07-01,2026-07-01,VA-04,270449,Cuenta Corriente,PAGADO,RECURRENTE,Comun,,Fondo Auto,Mecanico,MIGRACION
2026-07-01,2026-07-01,FI-04,41336,Cuenta Corriente,PAGADO,RECURRENTE,Comun,,,,MIGRACION
2026-07-01,2026-07-01,VA-04,1200,Cuenta Corriente,PAGADO,RECURRENTE,Comun,,Fondo Auto,Estacionamiento playa,MIGRACION
2026-07-01,2026-07-01,VA-02,47579,Cuenta Corriente,PAGADO,RECURRENTE,Comun,,,Bencina playa,MIGRACION
2026-07-01,2026-07-01,VA-10,35910,Cuenta Corriente,PAGADO,RECURRENTE,Comun,,,Comida Mila,MIGRACION
2026-07-01,2026-07-01,DE-02,198970,Cuenta Corriente,PAGADO,RECURRENTE,Comun,,,,MIGRACION
2026-07-01,2026-07-01,IN-02,4495256,Cuenta Corriente,PAGADO,EXTRAORDINARIO,Lalo,,,,MIGRACION
2026-07-01,2026-07-01,TR-01,3000000,Cuenta Corriente,PAGADO,TRANSFERENCIA,Comun,,,,MIGRACION
2026-07-01,2026-07-01,VA-02,80318,Cuenta Corriente,PAGADO,RECURRENTE,Comun,,,,MIGRACION
2026-07-01,2026-07-01,FI-03,68085,Cuenta Corriente,PAGADO,RECURRENTE,Comun,,,,MIGRACION
2026-07-01,2026-07-01,FI-09,17646,Cuenta Corriente,PAGADO,RECURRENTE,Comun,,,Rappi - desayuno Amalia - otro,MIGRACION
2026-07-01,2026-07-01,DE-01,662514,Cuenta Corriente,PAGADO,RECURRENTE,Comun,Deptos (sin asignar),,Dpto met 1,MIGRACION
2026-07-01,2026-07-01,FI-01,1149507,Cuenta Corriente,PAGADO,RECURRENTE,Comun,,,,MIGRACION
2026-07-01,2026-07-01,FI-07,60000,Cuenta Corriente,PAGADO,RECURRENTE,Comun,,,Berni,MIGRACION
2026-07-01,2026-07-01,VA-03,70583,Cuenta Corriente,PAGADO,RECURRENTE,Comun,,,,MIGRACION
2026-07-01,2026-07-01,VA-06,28325,Cuenta Corriente,PAGADO,RECURRENTE,Comun,,,Desayuno playa,MIGRACION
2026-07-01,2026-07-01,IN-01,4509147,Cuenta Corriente,PAGADO,RECURRENTE,Rocha,,,,MIGRACION
2026-07-01,2026-07-01,VA-07,27660,Cuenta Corriente,PAGADO,RECURRENTE,Comun,,,Chicken,MIGRACION
2026-07-01,2026-07-01,AP-02,400000,Cuenta Corriente,PAGADO,RECURRENTE,Lalo,,,,MIGRACION
2026-07-01,2026-07-01,AP-01,400000,Cuenta Corriente,PAGADO,RECURRENTE,Rocha,,,,MIGRACION
2026-07-01,2026-07-01,VA-01,54377,Cuenta Corriente,PAGADO,RECURRENTE,Comun,,,,MIGRACION
2026-07-01,2026-07-01,VA-07,17900,Cuenta Corriente,PAGADO,RECURRENTE,Comun,,,Sour playa,MIGRACION
2026-07-01,2026-07-01,FI-09,7190,Cuenta Corriente,PAGADO,RECURRENTE,Comun,,,Hbo,MIGRACION
2026-07-01,2026-07-01,VA-08,6260,Cuenta Corriente,PAGADO,RECURRENTE,Comun,,,Dulces,MIGRACION
2026-07-01,2026-07-01,VA-09,107671,Cuenta Corriente,PAGADO,RECURRENTE,Comun,,Fondo Salud,Remedios,MIGRACION
2026-07-01,2026-07-01,DE-01,666575,Cuenta Corriente,PAGADO,RECURRENTE,Comun,Deptos (sin asignar),,,MIGRACION
2026-07-01,2026-07-01,DE-01,45000,Cuenta Corriente,PAGADO,RECURRENTE,Comun,Deptos (sin asignar),,Termo dpto,MIGRACION
2026-07-01,2026-07-01,VA-10,31564,Cuenta Corriente,PAGADO,RECURRENTE,Comun,,,Farmacia mila,MIGRACION
2026-07-03,2026-07-03,VA-06,7200,Cuenta Corriente,PAGADO,RECURRENTE,Comun,,,Desayuno,MIGRACION
2026-07-06,2026-07-06,VA-07,71448,Cuenta Corriente,PAGADO,RECURRENTE,Comun,,,Burga+rappi,MIGRACION
2026-07-06,2026-07-06,IN-03,848152,Cuenta Corriente,PAGADO,RECURRENTE,Comun,Deptos (sin asignar),,Dptos,MIGRACION
2026-07-06,2026-07-06,VA-06,53690,Cuenta Corriente,PAGADO,RECURRENTE,Comun,,,Majestic,MIGRACION
2026-07-06,2026-07-06,VA-01,15500,Cuenta Corriente,PAGADO,RECURRENTE,Comun,,,Queso,MIGRACION
2026-07-07,2026-07-07,FI-08,36093,Cuenta Corriente,PAGADO,RECURRENTE,Comun,,,,MIGRACION
2026-07-07,2026-07-07,VA-01,59264,Cuenta Corriente,PAGADO,RECURRENTE,Comun,,,,MIGRACION
2026-07-08,2026-07-08,FO-02,16990,Cuenta Corriente,PAGADO,EXTRAORDINARIO,Comun,,Fondo Casa,Carplay,MIGRACION
2026-07-08,2026-07-08,FI-06,15000,Cuenta Corriente,PAGADO,RECURRENTE,Lalo,,,Lalo,MIGRACION
2026-07-09,2026-07-09,VA-01,17000,Cuenta Corriente,PAGADO,RECURRENTE,Comun,,,Huevos,MIGRACION
2026-07-10,2026-07-10,VA-12,34790,Cuenta Corriente,PAGADO,RECURRENTE,Comun,,,Puchos y kreatina,MIGRACION
2026-07-11,2026-07-11,VA-07,41521,Cuenta Corriente,PAGADO,RECURRENTE,Comun,,,Suhi y chelas bar,MIGRACION
2026-07-12,2026-07-12,FI-07,60000,Cuenta Corriente,PAGADO,RECURRENTE,Comun,,,Berni,MIGRACION
2026-07-12,2026-07-12,VA-08,39570,Cuenta Corriente,PAGADO,RECURRENTE,Comun,,,Webeo cabros,MIGRACION
2026-07-13,2026-07-13,VA-08,31876,Cuenta Corriente,PAGADO,RECURRENTE,Comun,,,Pizzas webeo cabros,MIGRACION
2026-07-13,2026-07-13,VA-10,35500,Cuenta Corriente,PAGADO,RECURRENTE,Comun,,,Capucha,MIGRACION
2026-07-14,2026-07-14,FI-02,240445,Cuenta Corriente,PAGADO,RECURRENTE,Comun,,,,MIGRACION
2026-07-14,2026-07-14,VA-05,3794,Cuenta Corriente,PAGADO,RECURRENTE,Comun,,,Uber caroe,MIGRACION
2026-07-14,2026-07-14,FI-09,9280,Cuenta Corriente,PAGADO,RECURRENTE,Comun,,,Crunchy + rappy,MIGRACION
2026-07-14,2026-07-14,VA-07,12160,Cuenta Corriente,PAGADO,RECURRENTE,Comun,,,Acai,MIGRACION
2026-07-16,2026-07-16,VA-02,45008,Cuenta Corriente,PAGADO,RECURRENTE,Comun,,,,MIGRACION
2026-07-16,2026-07-16,IN-03,452500,Cuenta Corriente,PAGADO,RECURRENTE,Comun,Deptos (sin asignar),,,MIGRACION
2026-07-16,2026-07-16,VA-05,9689,Cuenta Corriente,PAGADO,RECURRENTE,Comun,,,Ubers,MIGRACION
2026-07-16,2026-07-16,VA-11,24000,Cuenta Corriente,PAGADO,RECURRENTE,Comun,,,,MIGRACION
2026-07-16,2026-07-16,VA-01,113863,Cuenta Corriente,PAGADO,RECURRENTE,Comun,,,,MIGRACION
2026-07-16,2026-07-16,TR-01,250000,Cuenta Corriente,PAGADO,TRANSFERENCIA,Comun,,,,MIGRACION
2026-07-18,2026-07-18,VA-07,22578,Cuenta Corriente,PAGADO,RECURRENTE,Comun,,,Chicken,MIGRACION
2026-07-18,2026-07-18,VA-08,11090,Cuenta Corriente,PAGADO,RECURRENTE,Comun,,,Cine,MIGRACION
2026-07-18,2026-07-18,VA-01,27540,Cuenta Corriente,PAGADO,RECURRENTE,Comun,,,Supe comida mamá,MIGRACION
2026-07-18,2026-07-18,VA-11,6559,Cuenta Corriente,PAGADO,RECURRENTE,Comun,,,Salvi,MIGRACION
2026-07-20,2026-07-20,VA-08,6550,Cuenta Corriente,PAGADO,RECURRENTE,Comun,,,Manjar,MIGRACION
2026-07-20,2026-07-20,FO-02,197611,Cuenta Corriente,PAGADO,EXTRAORDINARIO,Rocha,,Fondo Casa,Silla rocha,MIGRACION
2026-07-20,2026-07-20,VA-07,9200,Cuenta Corriente,PAGADO,RECURRENTE,Comun,,,Cafe,MIGRACION
2026-07-20,2026-07-20,DE-01,635291,Cuenta Corriente,PAGADO,RECURRENTE,Comun,Deptos (sin asignar),,,MIGRACION
2026-07-21,2026-07-21,FI-10,7147,Cuenta Corriente,PAGADO,RECURRENTE,Comun,,,Banco,MIGRACION
2026-07-21,2026-07-21,VA-07,11910,Cuenta Corriente,PAGADO,RECURRENTE,Comun,,,Kiosko esquina,MIGRACION
2026-07-21,2026-07-21,VA-01,75193,Cuenta Corriente,PAGADO,RECURRENTE,Comun,,,,MIGRACION
2026-07-21,2026-07-21,FI-09,9990,Cuenta Corriente,PAGADO,RECURRENTE,Comun,,,Netflix,MIGRACION
2026-07-23,2026-07-23,VA-07,16300,Cuenta Corriente,PAGADO,RECURRENTE,Comun,,,Brownie y pan,MIGRACION
2026-07-24,2026-07-24,VA-06,74195,Cuenta Corriente,PAGADO,RECURRENTE,Comun,,,De la ostia,MIGRACION
2026-07-25,2026-07-25,VA-01,46370,Cuenta Corriente,PAGADO,RECURRENTE,Comun,,,,MIGRACION
2026-07-25,2026-07-25,VA-07,11198,Cuenta Corriente,PAGADO,RECURRENTE,Comun,,,Miguelayo,MIGRACION
2026-07-25,2026-07-25,VA-10,12331,Cuenta Corriente,PAGADO,RECURRENTE,Comun,,,Remedios,MIGRACION
2026-07-25,2026-07-25,VA-05,3198,Cuenta Corriente,PAGADO,RECURRENTE,Comun,,,Uber,MIGRACION
2026-07-25,2026-07-25,VA-01,30880,Cuenta Corriente,PAGADO,RECURRENTE,Comun,,,Quillayes,MIGRACION
2026-07-25,2026-07-25,VA-09,39668,Cuenta Corriente,PAGADO,RECURRENTE,Comun,,Fondo Salud,Condones + webeo coloro + tabaco,MIGRACION
2026-07-27,2026-07-27,VA-07,16500,Cuenta Corriente,PAGADO,RECURRENTE,Comun,,,,MIGRACION
2026-07-27,2026-07-27,VA-10,211575,Cuenta Corriente,PAGADO,RECURRENTE,Comun,,,Comida+bravecto+juguete,MIGRACION
2026-07-27,2026-07-27,VA-01,90362,Cuenta Corriente,PAGADO,RECURRENTE,Comun,,,Super comida cabroa,MIGRACION
2026-08-03,2026-08-03,VA-03,95012,Cuenta Corriente,PAGADO,RECURRENTE,Comun,,,,MIGRACION
2026-08-03,2026-08-03,VA-12,18930,Cuenta Corriente,PAGADO,RECURRENTE,Comun,,,Tabaco,MIGRACION
2026-08-03,2026-08-03,TR-03,161363,Cuenta Corriente,PAGADO,TRANSFERENCIA,Comun,,,Pendiente pago tarjeta,MIGRACION
2026-08-03,2026-08-03,FI-09,7190,Cuenta Corriente,PAGADO,RECURRENTE,Comun,,,Hbo,MIGRACION
2026-08-03,2026-08-03,FI-04,37973,Cuenta Corriente,PAGADO,RECURRENTE,Comun,,,,MIGRACION
2026-08-03,2026-08-03,VA-10,19614,Cuenta Corriente,PAGADO,RECURRENTE,Comun,,,Mila remedio,MIGRACION
2026-08-03,2026-08-03,IN-03,422152,Cuenta Corriente,PAGADO,RECURRENTE,Comun,Deptos (sin asignar),,Bastian,MIGRACION
2026-08-03,2026-08-03,IN-03,426000,Cuenta Corriente,PAGADO,RECURRENTE,Comun,Deptos (sin asignar),,Danielis,MIGRACION
2026-08-03,2026-08-03,VA-07,45390,Cuenta Corriente,PAGADO,RECURRENTE,Comun,,,Burga+acai+street wrap,MIGRACION
2026-08-03,2026-08-03,VA-01,113085,Cuenta Corriente,PAGADO,RECURRENTE,Comun,,,,MIGRACION
2026-08-03,2026-08-03,IN-01,3639189,Cuenta Corriente,PAGADO,RECURRENTE,Rocha,,,,MIGRACION
2026-08-03,2026-08-03,TR-01,500000,Cuenta Corriente,PAGADO,TRANSFERENCIA,Comun,,,,MIGRACION
2026-08-03,2026-08-03,FI-07,90000,Cuenta Corriente,PAGADO,RECURRENTE,Comun,,,,MIGRACION
2026-08-03,2026-08-03,DE-01,1329874,Cuenta Corriente,PAGADO,RECURRENTE,Comun,Deptos (sin asignar),,Metlife,MIGRACION
2026-08-03,2026-08-03,VA-01,30640,Cuenta Corriente,PAGADO,RECURRENTE,Comun,,,Extras comida cabros,MIGRACION
2026-08-03,2026-08-03,VA-08,143232,Cuenta Corriente,PAGADO,RECURRENTE,Comun,,,Comida cabros,MIGRACION
2026-08-03,2026-08-03,DE-01,650000,Cuenta Corriente,PAGADO,RECURRENTE,Comun,Depto BCI,,Bci,MIGRACION
2026-08-03,2026-08-03,IN-02,1688262,Cuenta Corriente,PAGADO,RECURRENTE,Lalo,,,,MIGRACION
2026-08-03,2026-08-03,DE-02,199080,Cuenta Corriente,PAGADO,RECURRENTE,Comun,,,,MIGRACION
2026-08-03,2026-08-03,VA-02,47362,Cuenta Corriente,PAGADO,RECURRENTE,Comun,,,,MIGRACION
2026-08-03,2026-08-03,AP-02,400000,Cuenta Corriente,PAGADO,RECURRENTE,Lalo,,,,MIGRACION
2026-08-03,2026-08-03,AP-01,400000,Cuenta Corriente,PAGADO,RECURRENTE,Rocha,,,,MIGRACION
2026-08-03,2026-08-03,VA-06,13255,Cuenta Corriente,PAGADO,RECURRENTE,Comun,,,Café esquina,MIGRACION
2026-08-03,2026-08-03,FI-01,1158189,Cuenta Corriente,PAGADO,RECURRENTE,Comun,,,,MIGRACION
2026-08-03,2026-08-03,IN-03,452500,Cuenta Corriente,PAGADO,RECURRENTE,Comun,Deptos (sin asignar),,Fernando,MIGRACION
2026-08-03,2026-08-03,FI-09,27980,Cuenta Corriente,PAGADO,RECURRENTE,Comun,,,Video comida,MIGRACION
2026-08-05,2026-08-05,FI-08,36103,Cuenta Corriente,PAGADO,RECURRENTE,Comun,,,,MIGRACION
2026-08-10,2026-08-10,VA-06,24090,Cuenta Corriente,PAGADO,RECURRENTE,Comun,,,Cumple nati,MIGRACION
2026-08-10,2026-08-10,VA-01,13940,Cuenta Corriente,PAGADO,RECURRENTE,Comun,,,,MIGRACION
2026-08-10,2026-08-10,FI-05,15434,Cuenta Corriente,PAGADO,RECURRENTE,Comun,,,,MIGRACION
2026-08-10,2026-08-10,VA-08,4980,Cuenta Corriente,PAGADO,RECURRENTE,Comun,,,Choclates,MIGRACION
2026-08-10,2026-08-10,FI-06,15000,Cuenta Corriente,PAGADO,RECURRENTE,Comun,,,,MIGRACION
2026-08-10,2026-08-10,VA-08,28755,Cuenta Corriente,PAGADO,RECURRENTE,Comun,,,Comida domingo,MIGRACION
2026-08-16,2026-08-16,VA-01,42950,Cuenta Corriente,PAGADO,RECURRENTE,Comun,,,,MIGRACION
2026-08-16,2026-08-16,VA-08,6600,Cuenta Corriente,PAGADO,RECURRENTE,Comun,,,Cafe,MIGRACION
2026-08-16,2026-08-16,FI-02,229986,Cuenta Corriente,PAGADO,RECURRENTE,Comun,,,,MIGRACION
2026-08-16,2026-08-16,AP-02,403181,Cuenta Corriente,PAGADO,RECURRENTE,Lalo,,,Extra,MIGRACION
2026-08-16,2026-08-16,AP-01,403181,Cuenta Corriente,PAGADO,RECURRENTE,Rocha,,,Extra,MIGRACION
2026-08-16,2026-08-16,TR-02,670014,Cuenta Corriente,PAGADO,TRANSFERENCIA,Comun,,,Inversión,MIGRACION
2026-08-16,2026-08-16,VA-08,109943,Cuenta Corriente,PAGADO,RECURRENTE,Comun,,,Webeo colegio + juego,MIGRACION
2026-08-16,2026-08-16,FI-09,13480,Cuenta Corriente,PAGADO,RECURRENTE,Comun,,,Crunchy y rapi,MIGRACION
2026-08-19,2026-08-19,VA-01,66500,Cuenta Corriente,PAGADO,RECURRENTE,Comun,,,,MIGRACION
2026-08-19,2026-08-19,VA-01,6200,Cuenta Corriente,PAGADO,RECURRENTE,Comun,,,Verduras,MIGRACION
2026-08-19,2026-08-19,FI-09,9990,Cuenta Corriente,PAGADO,RECURRENTE,Comun,,,Netflix,MIGRACION
2026-08-19,2026-08-19,VA-11,220990,Cuenta Corriente,PAGADO,RECURRENTE,Comun,,,Matri Ferrer y rodri,MIGRACION
2026-08-19,2026-08-19,VA-07,10682,Cuenta Corriente,PAGADO,RECURRENTE,Comun,,,Street wrap,MIGRACION
2026-08-19,2026-08-19,VA-11,36190,Cuenta Corriente,PAGADO,RECURRENTE,Comun,,,Regalo Matrak trini,MIGRACION
2026-08-19,2026-08-19,VA-06,44340,Cuenta Corriente,PAGADO,RECURRENTE,Comun,,,Lumiere,MIGRACION
